SilverKey Executive Stays 60528 Malviya Nagar,"Malviya Nagar, Indore"
Flagship 48331 Madhumilan Square Chhawni Rd,"Near Dawa Bazar, Indore"
2760 Hotel Chanakya,"Near Chhawani Square, RNT Marg, Indore"
Flagship 65733 Ssr Vasant Vihar Colony,"Near Bombay Hospital, Indore"
Townhouse 329 Pipliyahana Square,"Pipliyahana Square, Indore"
3892 Hotel Divya Palace Deluxe,"Highcourt, YN Road"
Townhouse 135 Gandhi Hall,"Near Gandhi Hall, Indore"
38142 Girdhar Mahal Deluxe,"Vijay Nagar, Indore"
62197 Shri Madan Mahal,"Near Prime City, Sukhliya, Indore"
Flagship 48276 Hotel Agrawal Malwa Mill Rd,"Near Malwa Mill, Malwa Mill Rd, Indore"
Townhouse 325 South Tukoganj,"Near South Tukoganj, Indore"
29328 Ocean Pearl,"Near Government Women Polytechnic College, Indore"
3205 Hotel New Luxury Royale,"Opp. Bombay Hospital, Indore"
Townhouse 376 Lords Inn Regency,"Near Bombay Hospital, Indore"
Townhouse 345 Vijay nagar,"Agra Bombay Rd, Vijay Nagar, Indore"
60577 Sukhmani Residency,"Eastern Ring Rd, Nanak Nagar, Indore"
Collection O 30082 Vijay Nagar,"Near Malhar Mall, Indore"
Collection O 47547 Golden Treat Professor Colony,"Near Apple Hospital, Indore"
Capital O 3222 Swan Paradise,"Near Meera Garden, Bhanwar Kuwa, Indore"
Capital O 3761 Hotel Om,"Near Bombay hospital ring road, Indore"
41740 Karnawat Guest House,"AB Road, Satya Sai Square, Indore"
Capital O 14448 Hotel Sapphire Star Deluxe,"Near Chappan Dukan, Indore"
29922 Nabhyansh Elite,"Near Annapurna Temple, Kranti Kriplani Nagar, Indore"
Silverkey Executive Stays 45844 Near KIBS Hospital,"Mahalaxmi Nagar, Indore"
44037 Shree Palace,"Infront of Prakashnagar, Main Navlakha Square, Indore"
Townhouse 327 Malviya Nagar,"Near Barfani Dham, Malviya Nagar, Indore"
45139 Hotel Malhar ,"Sector A, Ganga Devi Nagar, Indore"
Capital O 64793 Hotel Day2day,"Airport Road, Indore"
Capital O 36589 Hotel Imperial Regency,"Sardar Patel Marg, Chhoti Gwaltoli, Indore"
26942 Home Stay,"Shubhangan Omaxe City 1, Mayakhedi, Indore"
9944 Hotel Malwa INN,"Oposite Kamla Kunj Garden, AB Road, Indore"
48468 Hotel Karnawat Palace,"Near World Cup Square, Greater Brajeshwari, Indore"
1538 Hotel Diamond Inn,"MR 10 Road, Indore"
29896 Hotel Forest Inn,"Behind Radisson Hotel , Vijay Nagar, Indore"
SilverKey Executive Stays 41109 Chikitsak Nagar,"Near Bombay Hospital, Indore"
Flagship 63493 Kamla Kunj Rajendra Nagar,"AB Road, Durga Nagar, Indore"
28249 Shubh,"Near Bomaby Hospital, Indore"
36855 Hotel Indraprasth,"Near The Emerald Heights International School, Indore"
48833 Shipra,"Scheme No 54, Indore"
27654 Hotel Grand Valley,"Near IT Park, Pipliya Rao, Indore"
12353 Jineshwari Hotel,"Near Satya Sai Square, Indore"
Townhouse 377 Comfort Medows,"Near Shalimar Township, Indore"
Capital O 13414 Hotel Swaroop inn,"Vijay Nagar, Indore"
28700 Hotel Sweetheart Saver,"World Cup Square, Pipliyahana, Indore"
Flagship 42718 Cozy Stay Scheme No. 94,"Near Bombay Hospital, Vijay Nagar, Indore"
60949 Hukam Guest House,"Nyay Nagar, Sukhlia, Indore"
35902 Hotel Devhill Deluxe,"Near Devguradia Temple, Indore"
19380 Swastik Resort,"Near Over Bridge, Kumedi, Indore"
12362 Hotel Emerald Park,"Behind Union Bank Of India, Bhawarkuon, Indore"
2572 Hotel Galaxy Park,"Vijay Nagar, Indore"
SilverKey Executive Stays 45970 Shanti View Bilawali Lake,"Near Bilawali Lake, Indore"
35845 U-turn,"Near Medicaps College, Pigdambar, Indore"
46617 La Flora,"Near Bombay Hospital, Vijaynagar, Indore"
Capital O 26167 Ten Eleven Grand,"Near PIMR, Vijay Nagar, Indore"
10601 Hotel Jashn,"Krishi Mandi, Indore"
31044 Rituraj Marriage Garden Deluxe,"Opp. indore Zoo near Bengali Club behind rituraj complex, Indore"
Flagship 140 Amaltas AB Road,"Agra-Bombay Road, Indore"
29585 The Cliff,"Near C21 Mall, Indore"
64747 Hotel Fabolosa,"Near Bombay Hospital, Mahalakshmi Nagar, Indore"
26904 Hotel Manjulam Regency,"Near Purvi Hospital, Footi Kothi, Indore"
SPOT ON 47327 Comfort Inn SPOT,"Near Vijay Nagar, Indore"
22361 Hotel Samar Regency,"Opposite Bombay Hospital, Indore"
41187 Hotel Jainam Regency,"A-143, Mahalaxmi Nagar, Indore"
SPOT ON 66175 Welcome Stay SPOT,"Behind Advance Academy, Indore"
SilverKey Executive Stays 42710 Mahalaxmi Nagar,"Near Bombay Hospital, Indore"
Capital O 66688 Eyrie Hotel,"Near Bombay Hospital, Vijay nagar, Indore"
39697 Sun,"Near Malvia Petrol Pump, Raddison Square, Indore"
46692 Shree Yash Palace,"Near Hotel Enrise, Rau Bypass Circle, AB Road, Rau"
4042 Hotel Mehar Residency,"Behind Madhumilan Talkies, Choti Gwaltoli, Indore"
SPOT ON 36557 Hotel Sawera SPOT,"Near Sarvate Bus Stand, Chhoti Gwaltoli, Indore"
68266 Hotel Arrowcity Inn,"Bapat Square, Vijay Nagar, Indore"
Capital O 69924 The Jade Inn,"Near Rasoma Square, Ratna Lok Colony, Indore"
CAPITAL O71256 Hotel Seemansh,"vijaynagar, Indore"
CAPITAL O71586 M K Hotels,"Scheme No 54, Indore"
11929 Hotel Ridhi Sidhi,"Near Gujarati Girls College, Indore"
6536 Mayank Resort,"Near Mayank Blue water Park, Indore"
26905 Hotel Aalishan,"Near Medanta Hospital, Indore"
48896 K2 - Garden,"Near Chandragupta Maurya Chouraha, Sukhlia, Indore"
36548 Hotel Star 21,"Near Reliance Petrol Pump, Palda, Indore"
62270 Hotel Divashi,"Near Lotus Garden, Indore"
28433 Arrow City,"Opposite Arbindo Hospital, Indore"
70533 Hotel Aashirwad,"Near Crystal IT Park, Pipliya Rao, Indore"
18333 Hotel The Awesome,"infront of Essar petrol Pump, Indore"
27860 Hotel Apple Tree,"Near Apple Hospital, Bhawarkuan, Indore"
30442 Hotel Aatithya,"Near Sudama Nagar Service Road, Indore"
Capital O 37374 Binjaliya Resort,"Bicholi Mardana, Indore"
Flagship 64557 Sourabh Vrindavan Palace Colony,"Near Bombay Hospital, Indore"
25031 Riddhi Siddhi Regency,"Near Gangwal Bus Stand, Indore"
69728 The Dreams,"Near Aurbhindo Hospital, Love Kush Colony, Indore"
SilverKey Executive Stays 45869 Vijay Nagar,"Neare Life Care Hospital, Indore"
46385 Hotel Srs,"Chikitsak Nagar near bombay hospital, Indore"
65536 S75,"Khandwa Naka, Indore"
70055 Vv11,"Vijay Nagar, Bhagyashree, Indore"
70456 Shree Ganesha,"Khajrana, Indore"
29923 Vishram Guest House,"Vijay Nagar, Indore, Madhya Pradesh"
3434 Hotel Gulmohar,"Sarwate Bus Stand, Choti Gwaltoli, Indore"
Flagship 62004 Sudipti Resort Bhagyashree Colony,"Near Radisson Square, Beside Axis Bank ATM, Indore"
15365 Royal Galaxy Park,"Near Sayaji Square, Vijaynagar, Indore"
Capital O 16115 Hotel Solitaire,"Vijay Nagar, Scheme No. 54, Indore"
2533 Hotel Pride,"Near Gangwal Bus Stand, Prahlad Nagar, Indore"
10219 Hotel Ten Eleven,"Vijay Nagar, Indore"
70370 Star Inn,"Silicon City, Indore"
70099 Hotel Relax,"Vijaynagar, Indore"
SPOT ON 66320 Govind Hotel & Restaurant  SPOT,"khandwa road, Indore"
SPOT ON 68508 Kanishk SPOT,"Near Indore Airport, Gandhi Nagar, Indore"
29919 Hotel Darshan Shree,"Radisson Square, Vijay Nagar, Indore"
5253 Hotel Orange Lily,"Vijay Nagar, Indore"
44014 Hotel Shree,"Madhumilan Square, Patel Chowk, Indore"
SPOT ON 68263 Hotel Shree Mahalaxmi Palace SPOT,"Chhoti Gwaltoli, Indore"
62194 Pleasure Palace,"Near Gangwal Bus Stand, Indore"
Collection O 47458 Grand Shehnai Tejaji Nagar,"Tejaji Nagar Square, Indore"
35815 Gulab Inn,"ITI Main Road, ESIC Hospital, Indore"
Capital O 61489 Holiday,"Behind C-21 Mall, Vijayanagar, Indore"
SPOT ON 46192 Agrawal Guest House SPOT,"Behind Bharat Petrol Pump, Anurag Nagar, Indore"
SPOT ON 61108 The Karwaan SPOT,"Mumbai - Agra National Hwy, Indore"
39370 Hotel Shreeji Rasoi 1,"Near Bholaram Ustaad Mark, Indore"
8882 Hotel Pishori Residency,"Nanak Nagar, Indore"
40502 Jai Devi Residency,"Chanakyapuri, Annapurna, Indore"
6320 Shri Balaji Avenue,"Near Airport, Indore"
12161 Hotel Madhur Inn,"Vijay nagar, Indore"
16733 Hotel Sunshine,"Airport Road, Kalani Nagar, Indore"
43622 Hotel D9,"Near Life Line Hospital, Anoop Nagar, Indore"
60156 Hotel Divine,"Near Somya Vehicles, vijay nagar, Indore"
SilverKey Executive Stays 48293 Bhatia Ji Silverkey,"Vishnu Puri Colony, Indore"
15730 Ss Regency Anmex,"Near Satya Sai School, Indore"
60173 Rk Marriage Garden,"Near Mansha Purn Hanuman Ji Mandir, Indore"
62135 Hotel Rangoon Resort,"near star chouraha, Indore"
45376 Anand Milan,"Near MR10 Square, Sukhlia, Indore"
44020 Virat Hotel and Resorts,"Near Bypass, Indore"
SPOT ON 6291 Hotel Laxmi Niwas,"Inside Palika Navlakha Bus Stop, Indore"
28226 Hotel Ganpati,"Near Brilliant Convention , Vijay Nagar Indore"
64053 Mangal Karaj Vatika,"Sukhlia, Indore"
SPOT ON 68569 Soni Marriage Garden SPOT,"Soni Marriage Garden, Bijalpur Main Rd, Indore"
16740 Virat Hotel And Restaurant,"Near Rajwada Palace, Indore"
24461 Hotel Suvidha,"Near SBI, Durga Nagar, Indore"
47675 Hotel Gautam Grand,"bhagshree nagar, Indore"
36591 Royal Palace Inn,"Chitra Nagar, Indore"
46618 Shri Ganga Marriage Garden,"Behind Queens Collage, Khandwa Road, Indore"
60214 Hotel Bandhan,"Shabri Nagar, Sukhlia, Indore"
38685 Aksara Marriage Garden,"Near Rajiv Gandhi Square, Indore"
36501 Royal Palace,"Near Medanta Hospital, Vijay Nagar Indore"
43611 Hr Resort,"Near Bhandari Farms, Indore"
27862 Hotel V Manimahesh Regency,"Near Bhumika School, Vijay Nagar, Indore"
28438 Hotel Kanika,"Near Gopur Square, Annapurna Road, Indore"
42084 Rajshahi Resort And Marriage Garden,"Near Agrawal Public School, Indore"
36243 Mishthi Palace,"Near Rajendra Nagar Bridge, Vigyan Nagar, Indore"
SPOT ON 48534 Hotel Sawariya Sarkar SPOT,"Nemawar Road, Indore"
60844 Jash Garden Restaurant,"Near Mahalaxmi Nagar Main Gate, Indore"
29344 Rishabh Residency,"Near Garden City, Indore"
Capital O 22319 Hotel Prem Bandhan Deluxe,"Near Bengali Square, Indore"
15743 Indore Inn,"Near Brilliant Convention Centre, Indore"
47616 Prime 26,"Near Rajiv Gandhi Circle, Hargovind Nagar, Indore"
47684 Vaishnav Vatika,"HP Petrol Pump, Teen Imli squire Ring Road, Indore"
65977 Hotel Expression,"Near Bombay Hospital, Indore"
9903 Hotel Care Residency,"Opposite Bombay Hospital, Indore"
3845 Hotel LiNear Inn Deluxe,"C 21 Mall, Vjay Nagar Indore"
SPOT ON 49263 Silver Peace SPOT,"Vijaynagar, Indore"
36436 The Sultan's Boutique Hotel,"Near Rau Bypass Circle, Rau, Indore"
SPOT ON 45008 King Palace Marriage Hall SPOT,"Near Khada Ganpati Mandir, Indore"
SPOT ON 68092 Hotel Deepmala SPOT,"Chhoti Gwaltoli, Indore"
SPOT ON 45378 Chaman Lodge SPOT,"Near Apple Hospital, Indore"
27861 Hotel Pushpwant,"Near Gopur Square, Sceme No-135, Indore"
47919 Balaji Garden,"Near Footi Khothi, Gumashta Nagar, Nagarindore"
15195 Mayra the hill top,"Jhumar ghaat, Indore"
48824 Hotel Shiva Inn,"Mahindra Showroom, Par 1, Indore"
SPOT ON 68422 Hotel Vaishnav SPOT,"Chhoti Gwaltoli, Indore"
SPOT ON 68149 Hotel Divyansh SPOT,"Gulab Bagh Colony, Indore"
29148 Hotel Meena Sadan,"MR10 Square, Indore"
40849 Hotel Unity,"Opp. Bombay Hospital, Near Bombay Chemist, Indore"
30524 Relax Inn Saver,"Near Airport, Indore"
Capital O 1546 The Sensation Hotel,"Rajendra Nagar, Indore"
SPOT ON 41475 Hotel Neelkamal SPOT,"Near Sarvate Bus Stand, Indore"
28591 Hotel Madur Milan Garden,"Near Rajiv Gandhi Square, Indore"
48897 Airport View,"Near Indore airport, Indore"
SPOT ON 43910 Hotel City Inn SPOT,"Khajuri Bazar, Rajwada, Indore"
29431 Hotel Nagar Saver,"Near Apollo Premier, Sheetal Nagar, Indore"
24999 Hotel Vanice Blu,"Near Navlakha Bus Stand, Indore"
46434 Hotel VRC,"Near Hotel TCL, Indore"
